BID,RIN
Indinidual_A_rep01,4
Indinidual_A_rep02,4.1
Indinidual_B_rep01,4.9
Indinidual_B_rep02,5.5
Indinidual_C_rep01,5.6
Indinidual_C_rep02,5.7
Indinidual_D_rep01,5.8
Indinidual_D_rep02,6.2
Indinidual_E_rep01,6.4
Indinidual_E_rep02,6.4
Indinidual_F_rep01,6.4
Indinidual_F_rep02,6.6
Indinidual_G_rep01,6.8
Indinidual_G_rep02,6.8
Indinidual_H_rep01,6.9
Indinidual_H_rep02,6.9
Indinidual_I_rep01,7
Indinidual_I_rep02,7.2
Indinidual_J_rep01,7.2
Indinidual_J_rep02,7.2
Indinidual_K_rep01,7.2
Indinidual_K_rep02,7.6
